{
  "total_cost_cents": 238,
  "assignments": [
    {
      "ev_id": "EV1",
      "station_id": "S3",
      "distance_km": 2.0,
      "time_min": 4.0,
      "energy_kwh": 0.3,
      "travel_cost_cents": 20,
      "charging_cost_cents": 18,
      "total_cost_cents": 38,
      "path_nodes": [
        0,
        4,
        8
      ]
    },
    {
      "ev_id": "EV2",
      "station_id": "S2",
      "distance_km": 2.0,
      "time_min": 4.0,
      "energy_kwh": 0.3,
      "travel_cost_cents": 20,
      "charging_cost_cents": 16,
      "total_cost_cents": 36,
      "path_nodes": [
        1,
        0,
        4
      ]
    },
    {
      "ev_id": "EV3",
      "station_id": "S2",
      "distance_km": 3.0,
      "time_min": 6.0,
      "energy_kwh": 0.44999999999999996,
      "travel_cost_cents": 30,
      "charging_cost_cents": 25,
      "total_cost_cents": 55,
      "path_nodes": [
        2,
        1,
        0,
        4
      ]
    },
    {
      "ev_id": "EV4",
      "station_id": "S1",
      "distance_km": 3.0,
      "time_min": 6.0,
      "energy_kwh": 0.44999999999999996,
      "travel_cost_cents": 30,
      "charging_cost_cents": 22,
      "total_cost_cents": 52,
      "path_nodes": [
        3,
        2,
        1,
        0
      ]
    },
    {
      "ev_id": "EV5",
      "station_id": "S3",
      "distance_km": 1.0,
      "time_min": 2.0,
      "energy_kwh": 0.15,
      "travel_cost_cents": 10,
      "charging_cost_cents": 9,
      "total_cost_cents": 19,
      "path_nodes": [
        4,
        8
      ]
    },
    {
      "ev_id": "EV6",
      "station_id": "S3",
      "distance_km": 2.0,
      "time_min": 4.0,
      "energy_kwh": 0.3,
      "travel_cost_cents": 20,
      "charging_cost_cents": 18,
      "total_cost_cents": 38,
      "path_nodes": [
        5,
        4,
        8
      ]
    }
  ],
  "station_utilization": {
    "S3": 3,
    "S2": 2,
    "S1": 1
  },
  "unassigned_evs": [],
  "mcf_summary": {
    "iterations": 6,
    "total_cost_change": -299762,
    "terminated": true,
    "method": "ssp_based",
    "note": "Using SSP algorithm internally due to cycle-canceling complexity with this network structure"
  }
}