{
  "total_cost_cents": 160911,
  "assignments": [
    {
      "ev_id": "EV-LaPalma-1",
      "station_id": "CS-PiazzaRepubblica",
      "distance_km": 36.0,
      "time_min": 72.0,
      "energy_kwh": 5.3999999999999995,
      "travel_cost_cents": 3600,
      "charging_cost_cents": 324,
      "total_cost_cents": 3924,
      "path_nodes": [
        5,
        13
      ]
    },
    {
      "ev_id": "EV-LaPalma-2",
      "station_id": "CS-PiazzaRepubblica",
      "distance_km": 36.0,
      "time_min": 72.0,
      "energy_kwh": 5.76,
      "travel_cost_cents": 3600,
      "charging_cost_cents": 346,
      "total_cost_cents": 3946,
      "path_nodes": [
        5,
        13
      ]
    },
    {
      "ev_id": "EV-LaPalma-3",
      "station_id": "CS-PiazzaRepubblica",
      "distance_km": 36.0,
      "time_min": 72.0,
      "energy_kwh": 6.12,
      "travel_cost_cents": 3600,
      "charging_cost_cents": 367,
      "total_cost_cents": 3967,
      "path_nodes": [
        5,
        13
      ]
    },
    {
      "ev_id": "EV-LaPalma-4",
      "station_id": "CS-PiazzaRepubblica",
      "distance_km": 36.0,
      "time_min": 72.0,
      "energy_kwh": 5.3999999999999995,
      "travel_cost_cents": 3600,
      "charging_cost_cents": 324,
      "total_cost_cents": 3924,
      "path_nodes": [
        5,
        13
      ]
    },
    {
      "ev_id": "EV-LaPalma-5",
      "station_id": "CS-PiazzaRepubblica",
      "distance_km": 36.0,
      "time_min": 72.0,
      "energy_kwh": 5.76,
      "travel_cost_cents": 3600,
      "charging_cost_cents": 346,
      "total_cost_cents": 3946,
      "path_nodes": [
        5,
        13
      ]
    },
    {
      "ev_id": "EV-LaPalma-6",
      "station_id": "CS-PiazzaRepubblica",
      "distance_km": 36.0,
      "time_min": 72.0,
      "energy_kwh": 6.12,
      "travel_cost_cents": 3600,
      "charging_cost_cents": 367,
      "total_cost_cents": 3967,
      "path_nodes": [
        5,
        13
      ]
    },
    {
      "ev_id": "EV-LaPalma-7",
      "station_id": "CS-PiazzaRepubblica",
      "distance_km": 36.0,
      "time_min": 72.0,
      "energy_kwh": 5.3999999999999995,
      "travel_cost_cents": 3600,
      "charging_cost_cents": 324,
      "total_cost_cents": 3924,
      "path_nodes": [
        5,
        13
      ]
    },
    {
      "ev_id": "EV-LaPalma-8",
      "station_id": "CS-PiazzaRepubblica",
      "distance_km": 36.0,
      "time_min": 72.0,
      "energy_kwh": 5.76,
      "travel_cost_cents": 3600,
      "charging_cost_cents": 346,
      "total_cost_cents": 3946,
      "path_nodes": [
        5,
        13
      ]
    },
    {
      "ev_id": "EV-LaPalma-9",
      "station_id": "CS-PiazzaRepubblica",
      "distance_km": 36.0,
      "time_min": 72.0,
      "energy_kwh": 6.12,
      "travel_cost_cents": 3600,
      "charging_cost_cents": 367,
      "total_cost_cents": 3967,
      "path_nodes": [
        5,
        13
      ]
    },
    {
      "ev_id": "EV-LaPalma-10",
      "station_id": "CS-PiazzaRepubblica",
      "distance_km": 36.0,
      "time_min": 72.0,
      "energy_kwh": 5.3999999999999995,
      "travel_cost_cents": 3600,
      "charging_cost_cents": 324,
      "total_cost_cents": 3924,
      "path_nodes": [
        5,
        13
      ]
    },
    {
      "ev_id": "EV-Bonaria-1",
      "station_id": "CS-PiazzaRepubblica",
      "distance_km": 16.0,
      "time_min": 32.0,
      "energy_kwh": 2.4,
      "travel_cost_cents": 1600,
      "charging_cost_cents": 144,
      "total_cost_cents": 1744,
      "path_nodes": [
        6,
        13
      ]
    },
    {
      "ev_id": "EV-Bonaria-2",
      "station_id": "CS-PiazzaRepubblica",
      "distance_km": 16.0,
      "time_min": 32.0,
      "energy_kwh": 2.56,
      "travel_cost_cents": 1600,
      "charging_cost_cents": 154,
      "total_cost_cents": 1754,
      "path_nodes": [
        6,
        13
      ]
    },
    {
      "ev_id": "EV-Bonaria-3",
      "station_id": "CS-PiazzaRepubblica",
      "distance_km": 16.0,
      "time_min": 32.0,
      "energy_kwh": 2.72,
      "travel_cost_cents": 1600,
      "charging_cost_cents": 163,
      "total_cost_cents": 1763,
      "path_nodes": [
        6,
        13
      ]
    },
    {
      "ev_id": "EV-Bonaria-4",
      "station_id": "CS-PiazzaRepubblica",
      "distance_km": 16.0,
      "time_min": 32.0,
      "energy_kwh": 2.4,
      "travel_cost_cents": 1600,
      "charging_cost_cents": 144,
      "total_cost_cents": 1744,
      "path_nodes": [
        6,
        13
      ]
    },
    {
      "ev_id": "EV-Bonaria-5",
      "station_id": "CS-PiazzaRepubblica",
      "distance_km": 16.0,
      "time_min": 32.0,
      "energy_kwh": 2.56,
      "travel_cost_cents": 1600,
      "charging_cost_cents": 154,
      "total_cost_cents": 1754,
      "path_nodes": [
        6,
        13
      ]
    },
    {
      "ev_id": "EV-Bonaria-6",
      "station_id": "CS-PiazzaRepubblica",
      "distance_km": 16.0,
      "time_min": 32.0,
      "energy_kwh": 2.72,
      "travel_cost_cents": 1600,
      "charging_cost_cents": 163,
      "total_cost_cents": 1763,
      "path_nodes": [
        6,
        13
      ]
    },
    {
      "ev_id": "EV-Bonaria-7",
      "station_id": "CS-PiazzaRepubblica",
      "distance_km": 16.0,
      "time_min": 32.0,
      "energy_kwh": 2.4,
      "travel_cost_cents": 1600,
      "charging_cost_cents": 144,
      "total_cost_cents": 1744,
      "path_nodes": [
        6,
        13
      ]
    },
    {
      "ev_id": "EV-Bonaria-8",
      "station_id": "CS-PiazzaRepubblica",
      "distance_km": 16.0,
      "time_min": 32.0,
      "energy_kwh": 2.56,
      "travel_cost_cents": 1600,
      "charging_cost_cents": 154,
      "total_cost_cents": 1754,
      "path_nodes": [
        6,
        13
      ]
    },
    {
      "ev_id": "EV-Bonaria-9",
      "station_id": "CS-PiazzaRepubblica",
      "distance_km": 16.0,
      "time_min": 32.0,
      "energy_kwh": 2.72,
      "travel_cost_cents": 1600,
      "charging_cost_cents": 163,
      "total_cost_cents": 1763,
      "path_nodes": [
        6,
        13
      ]
    },
    {
      "ev_id": "EV-Bonaria-10",
      "station_id": "CS-PiazzaRepubblica",
      "distance_km": 16.0,
      "time_min": 32.0,
      "energy_kwh": 2.4,
      "travel_cost_cents": 1600,
      "charging_cost_cents": 144,
      "total_cost_cents": 1744,
      "path_nodes": [
        6,
        13
      ]
    },
    {
      "ev_id": "EV-IsMirrionis-1",
      "station_id": "CS-PiazzaRepubblica",
      "distance_km": 44.7,
      "time_min": 89.4,
      "energy_kwh": 6.705,
      "travel_cost_cents": 4470,
      "charging_cost_cents": 402,
      "total_cost_cents": 4872,
      "path_nodes": [
        8,
        13
      ]
    },
    {
      "ev_id": "EV-IsMirrionis-2",
      "station_id": "CS-PiazzaRepubblica",
      "distance_km": 44.7,
      "time_min": 89.4,
      "energy_kwh": 7.152000000000001,
      "travel_cost_cents": 4470,
      "charging_cost_cents": 429,
      "total_cost_cents": 4899,
      "path_nodes": [
        8,
        13
      ]
    },
    {
      "ev_id": "EV-IsMirrionis-3",
      "station_id": "CS-PiazzaRepubblica",
      "distance_km": 44.7,
      "time_min": 89.4,
      "energy_kwh": 7.599000000000001,
      "travel_cost_cents": 4470,
      "charging_cost_cents": 456,
      "total_cost_cents": 4926,
      "path_nodes": [
        8,
        13
      ]
    },
    {
      "ev_id": "EV-IsMirrionis-4",
      "station_id": "CS-PiazzaRepubblica",
      "distance_km": 44.7,
      "time_min": 89.4,
      "energy_kwh": 6.705,
      "travel_cost_cents": 4470,
      "charging_cost_cents": 402,
      "total_cost_cents": 4872,
      "path_nodes": [
        8,
        13
      ]
    },
    {
      "ev_id": "EV-IsMirrionis-5",
      "station_id": "CS-PiazzaRepubblica",
      "distance_km": 44.7,
      "time_min": 89.4,
      "energy_kwh": 7.152000000000001,
      "travel_cost_cents": 4470,
      "charging_cost_cents": 429,
      "total_cost_cents": 4899,
      "path_nodes": [
        8,
        13
      ]
    },
    {
      "ev_id": "EV-IsMirrionis-6",
      "station_id": "CS-PiazzaRepubblica",
      "distance_km": 44.7,
      "time_min": 89.4,
      "energy_kwh": 7.599000000000001,
      "travel_cost_cents": 4470,
      "charging_cost_cents": 456,
      "total_cost_cents": 4926,
      "path_nodes": [
        8,
        13
      ]
    },
    {
      "ev_id": "EV-IsMirrionis-7",
      "station_id": "CS-PiazzaRepubblica",
      "distance_km": 44.7,
      "time_min": 89.4,
      "energy_kwh": 6.705,
      "travel_cost_cents": 4470,
      "charging_cost_cents": 402,
      "total_cost_cents": 4872,
      "path_nodes": [
        8,
        13
      ]
    },
    {
      "ev_id": "EV-IsMirrionis-8",
      "station_id": "CS-PiazzaRepubblica",
      "distance_km": 44.7,
      "time_min": 89.4,
      "energy_kwh": 7.152000000000001,
      "travel_cost_cents": 4470,
      "charging_cost_cents": 429,
      "total_cost_cents": 4899,
      "path_nodes": [
        8,
        13
      ]
    },
    {
      "ev_id": "EV-IsMirrionis-9",
      "station_id": "CS-PiazzaRepubblica",
      "distance_km": 44.7,
      "time_min": 89.4,
      "energy_kwh": 7.599000000000001,
      "travel_cost_cents": 4470,
      "charging_cost_cents": 456,
      "total_cost_cents": 4926,
      "path_nodes": [
        8,
        13
      ]
    },
    {
      "ev_id": "EV-IsMirrionis-10",
      "station_id": "CS-PiazzaRepubblica",
      "distance_km": 44.7,
      "time_min": 89.4,
      "energy_kwh": 6.705,
      "travel_cost_cents": 4470,
      "charging_cost_cents": 402,
      "total_cost_cents": 4872,
      "path_nodes": [
        8,
        13
      ]
    },
    {
      "ev_id": "EV-SanMichele-1",
      "station_id": "CS-PiazzaRepubblica",
      "distance_km": 35.7,
      "time_min": 71.4,
      "energy_kwh": 5.355,
      "travel_cost_cents": 3570,
      "charging_cost_cents": 321,
      "total_cost_cents": 3891,
      "path_nodes": [
        9,
        13
      ]
    },
    {
      "ev_id": "EV-SanMichele-2",
      "station_id": "CS-PiazzaRepubblica",
      "distance_km": 35.7,
      "time_min": 71.4,
      "energy_kwh": 5.712000000000001,
      "travel_cost_cents": 3570,
      "charging_cost_cents": 343,
      "total_cost_cents": 3913,
      "path_nodes": [
        9,
        13
      ]
    },
    {
      "ev_id": "EV-SanMichele-3",
      "station_id": "CS-PiazzaRepubblica",
      "distance_km": 35.7,
      "time_min": 71.4,
      "energy_kwh": 6.069000000000001,
      "travel_cost_cents": 3570,
      "charging_cost_cents": 364,
      "total_cost_cents": 3934,
      "path_nodes": [
        9,
        13
      ]
    },
    {
      "ev_id": "EV-SanMichele-4",
      "station_id": "CS-PiazzaRepubblica",
      "distance_km": 35.7,
      "time_min": 71.4,
      "energy_kwh": 5.355,
      "travel_cost_cents": 3570,
      "charging_cost_cents": 321,
      "total_cost_cents": 3891,
      "path_nodes": [
        9,
        13
      ]
    },
    {
      "ev_id": "EV-SanMichele-5",
      "station_id": "CS-PiazzaRepubblica",
      "distance_km": 35.7,
      "time_min": 71.4,
      "energy_kwh": 5.712000000000001,
      "travel_cost_cents": 3570,
      "charging_cost_cents": 343,
      "total_cost_cents": 3913,
      "path_nodes": [
        9,
        13
      ]
    },
    {
      "ev_id": "EV-SanMichele-6",
      "station_id": "CS-PiazzaRepubblica",
      "distance_km": 35.7,
      "time_min": 71.4,
      "energy_kwh": 6.069000000000001,
      "travel_cost_cents": 3570,
      "charging_cost_cents": 364,
      "total_cost_cents": 3934,
      "path_nodes": [
        9,
        13
      ]
    },
    {
      "ev_id": "EV-SanMichele-7",
      "station_id": "CS-PiazzaRepubblica",
      "distance_km": 35.7,
      "time_min": 71.4,
      "energy_kwh": 5.355,
      "travel_cost_cents": 3570,
      "charging_cost_cents": 321,
      "total_cost_cents": 3891,
      "path_nodes": [
        9,
        13
      ]
    },
    {
      "ev_id": "EV-SanMichele-8",
      "station_id": "CS-PiazzaRepubblica",
      "distance_km": 35.7,
      "time_min": 71.4,
      "energy_kwh": 5.712000000000001,
      "travel_cost_cents": 3570,
      "charging_cost_cents": 343,
      "total_cost_cents": 3913,
      "path_nodes": [
        9,
        13
      ]
    },
    {
      "ev_id": "EV-SanMichele-9",
      "station_id": "CS-PiazzaRepubblica",
      "distance_km": 35.7,
      "time_min": 71.4,
      "energy_kwh": 6.069000000000001,
      "travel_cost_cents": 3570,
      "charging_cost_cents": 364,
      "total_cost_cents": 3934,
      "path_nodes": [
        9,
        13
      ]
    },
    {
      "ev_id": "EV-SanMichele-10",
      "station_id": "CS-PiazzaRepubblica",
      "distance_km": 35.7,
      "time_min": 71.4,
      "energy_kwh": 5.355,
      "travel_cost_cents": 3570,
      "charging_cost_cents": 321,
      "total_cost_cents": 3891,
      "path_nodes": [
        9,
        13
      ]
    },
    {
      "ev_id": "EV-CentroCitt\u00e0-1",
      "station_id": "CS-PiazzaRepubblica",
      "distance_km": 14.5,
      "time_min": 29.0,
      "energy_kwh": 2.175,
      "travel_cost_cents": 1450,
      "charging_cost_cents": 130,
      "total_cost_cents": 1580,
      "path_nodes": [
        10,
        13
      ]
    },
    {
      "ev_id": "EV-CentroCitt\u00e0-2",
      "station_id": "CS-PiazzaRepubblica",
      "distance_km": 14.5,
      "time_min": 29.0,
      "energy_kwh": 2.32,
      "travel_cost_cents": 1450,
      "charging_cost_cents": 139,
      "total_cost_cents": 1589,
      "path_nodes": [
        10,
        13
      ]
    },
    {
      "ev_id": "EV-CentroCitt\u00e0-3",
      "station_id": "CS-PiazzaRepubblica",
      "distance_km": 14.5,
      "time_min": 29.0,
      "energy_kwh": 2.4650000000000003,
      "travel_cost_cents": 1450,
      "charging_cost_cents": 148,
      "total_cost_cents": 1598,
      "path_nodes": [
        10,
        13
      ]
    },
    {
      "ev_id": "EV-CentroCitt\u00e0-4",
      "station_id": "CS-PiazzaRepubblica",
      "distance_km": 14.5,
      "time_min": 29.0,
      "energy_kwh": 2.175,
      "travel_cost_cents": 1450,
      "charging_cost_cents": 130,
      "total_cost_cents": 1580,
      "path_nodes": [
        10,
        13
      ]
    },
    {
      "ev_id": "EV-CentroCitt\u00e0-5",
      "station_id": "CS-PiazzaRepubblica",
      "distance_km": 14.5,
      "time_min": 29.0,
      "energy_kwh": 2.32,
      "travel_cost_cents": 1450,
      "charging_cost_cents": 139,
      "total_cost_cents": 1589,
      "path_nodes": [
        10,
        13
      ]
    },
    {
      "ev_id": "EV-CentroCitt\u00e0-6",
      "station_id": "CS-PiazzaRepubblica",
      "distance_km": 14.5,
      "time_min": 29.0,
      "energy_kwh": 2.4650000000000003,
      "travel_cost_cents": 1450,
      "charging_cost_cents": 148,
      "total_cost_cents": 1598,
      "path_nodes": [
        10,
        13
      ]
    },
    {
      "ev_id": "EV-CentroCitt\u00e0-7",
      "station_id": "CS-PiazzaRepubblica",
      "distance_km": 14.5,
      "time_min": 29.0,
      "energy_kwh": 2.175,
      "travel_cost_cents": 1450,
      "charging_cost_cents": 130,
      "total_cost_cents": 1580,
      "path_nodes": [
        10,
        13
      ]
    },
    {
      "ev_id": "EV-CentroCitt\u00e0-8",
      "station_id": "CS-PiazzaRepubblica",
      "distance_km": 14.5,
      "time_min": 29.0,
      "energy_kwh": 2.32,
      "travel_cost_cents": 1450,
      "charging_cost_cents": 139,
      "total_cost_cents": 1589,
      "path_nodes": [
        10,
        13
      ]
    },
    {
      "ev_id": "EV-CentroCitt\u00e0-9",
      "station_id": "CS-PiazzaRepubblica",
      "distance_km": 14.5,
      "time_min": 29.0,
      "energy_kwh": 2.4650000000000003,
      "travel_cost_cents": 1450,
      "charging_cost_cents": 148,
      "total_cost_cents": 1598,
      "path_nodes": [
        10,
        13
      ]
    },
    {
      "ev_id": "EV-CentroCitt\u00e0-10",
      "station_id": "CS-PiazzaRepubblica",
      "distance_km": 14.5,
      "time_min": 29.0,
      "energy_kwh": 2.175,
      "travel_cost_cents": 1450,
      "charging_cost_cents": 130,
      "total_cost_cents": 1580,
      "path_nodes": [
        10,
        13
      ]
    }
  ],
  "station_utilization": {
    "CS-PiazzaRepubblica": 50
  },
  "unassigned_evs": [
    "EV-QuartuSantElena-1",
    "EV-QuartuSantElena-2",
    "EV-QuartuSantElena-3",
    "EV-QuartuSantElena-4",
    "EV-QuartuSantElena-5",
    "EV-QuartuSantElena-6",
    "EV-QuartuSantElena-7",
    "EV-QuartuSantElena-8",
    "EV-QuartuSantElena-9",
    "EV-QuartuSantElena-10",
    "EV-Quartucciu-1",
    "EV-Quartucciu-2",
    "EV-Quartucciu-3",
    "EV-Quartucciu-4",
    "EV-Quartucciu-5",
    "EV-Quartucciu-6",
    "EV-Quartucciu-7",
    "EV-Quartucciu-8",
    "EV-Quartucciu-9",
    "EV-Quartucciu-10",
    "EV-Monserrato-1",
    "EV-Monserrato-2",
    "EV-Monserrato-3",
    "EV-Monserrato-4",
    "EV-Monserrato-5",
    "EV-Monserrato-6",
    "EV-Monserrato-7",
    "EV-Monserrato-8",
    "EV-Monserrato-9",
    "EV-Monserrato-10",
    "EV-Poetto-1",
    "EV-Poetto-2",
    "EV-Poetto-3",
    "EV-Poetto-4",
    "EV-Poetto-5",
    "EV-Poetto-6",
    "EV-Poetto-7",
    "EV-Poetto-8",
    "EV-Poetto-9",
    "EV-Poetto-10",
    "EV-SuPlanu-1",
    "EV-SuPlanu-2",
    "EV-SuPlanu-3",
    "EV-SuPlanu-4",
    "EV-SuPlanu-5",
    "EV-SuPlanu-6",
    "EV-SuPlanu-7",
    "EV-SuPlanu-8",
    "EV-SuPlanu-9",
    "EV-SuPlanu-10",
    "EV-Pirri-1",
    "EV-Pirri-2",
    "EV-Pirri-3",
    "EV-Pirri-4",
    "EV-Pirri-5",
    "EV-Pirri-6",
    "EV-Pirri-7",
    "EV-Pirri-8",
    "EV-Pirri-9",
    "EV-Pirri-10"
  ],
  "mcf_summary": {
    "assigned": 110,
    "augmentations": 110,
    "total_cost_reduced": 30160911,
    "pi": [
      1350935773023105071081,
      84901860175165778151,
      5335076708544093959,
      337733943255863150849,
      21225465043782183677,
      1333769177114744637,
      84433485814162549553,
      5306366260950019881,
      333442294259124137,
      21108371453957156753,
      1195201442089627159016441,
      75105918504338148915307,
      4720060640889118380281,
      298800360637623129162017,
      18776479640486559533573,
      1180015162022512261921,
      74700090389838484102001,
      4694119938925707488569,
      295003794106116394865,
      18675023058325047644177,
      1096350717985044689919855793167,
      68899109148093168920117417071,
      4329768927526822263591220347,
      274087803208888294414052688205,
      17224792751101682471770325517,
      1082444164891504346095305253,
      68522198227476317471713647561,
      4306229115932201101447519561,
      270614907242473646941822329,
      17131044407377567104352358593,
      1198531938459953,
      75324552697361,
      4734027906221,
      299745477598097,
      18845179675985,
      1185242043017,
      75161378361425,
      4739400917969,
      299803639361,
      19240385509841,
      1161229790953423573,
      77159924780681799,
      5372838141033269,
      408289002816691929,
      34037675559841213,
      3186671310720921,
      338035360883840737,
      38004807642297513,
      4483591401601121,
      556435060603291377,
      570067502255776033381658,
      285050894798155875327236,
      142535961770694306929903,
      71266245465977074982170,
      35635494596478620900612,
      17819290499397957688559,
      8909657226984320113946,
      4455344993935766822148,
      2228085294620060654831,
      1114264041978044325146,
      554995781252107707806,
      277507616111581439380,
      138760437316574487947,
      69381640632001865118,
      34692242289715553684,
      17347156090479420811,
      8673962079977711006,
      4337365074726856084,
      2169018193589806475,
      1084763389160826270,
      66983548491681,
      4186833568993,
      261676198537,
      16747403806833,
      1046783484657,
      65402416705,
      4187264903697,
      261704425233,
      16330110385,
      1047021202769,
      533672709560678,
      266854308747595,
      133437860583728,
      66715140987238,
      33359955204427,
      16681456343344,
      8340394973542,
      4170644429131,
      2085655910704,
      1042935159142,
      520659377467,
      260328889637,
      130157616400,
      65060838715,
      32516906277,
      16244186384,
      8106433851,
      4038114597,
      2003860752,
      986559803,
      475633218,
      222496313,
      95925552,
      32635586,
      990969,
      -14831632,
      -22743486,
      -26699383,
      -28677372,
      -29666416,
      -1089119073963724952,
      -1911761549171026147,
      565543438271698765851758,
      -1267763294911297204,
      -1740254296635360635,
      -30160911,
      -30160911
    ]
  },
  "cagliari_analysis": {
    "supply_utilization": {
      "Quartu Sant'Elena": 0,
      "Quartucciu": 0,
      "Monserrato": 0,
      "Poetto": 0,
      "Su Planu": 0,
      "La Palma": 10,
      "Bonaria": 10,
      "Pirri": 0,
      "Is Mirrionis": 10,
      "San Michele": 10,
      "Centro Citt\u00e0": 10
    },
    "demand_utilization": {
      "Cittadella universitaria": 0,
      "Viale Buon Cammino": 0,
      "Piazza Repubblica": 50,
      "Localit\u00e0 Marina": 0,
      "Piazza L'Unione Sarda": 0
    },
    "total_assigned_evs": 50,
    "total_station_usage": 50
  }
}