ev_id,station_id,distance_km,time_min,energy_kwh,travel_cost_cents,charging_cost_cents,total_cost_cents,path_nodes
EV-QuartuSantElena-1,CS-PiazzaRepubblica,86.0,172.0,12.9,8600,774,9374,"[0, 13]"
EV-QuartuSantElena-2,CS-PiazzaRepubblica,86.0,172.0,13.76,8600,826,9426,"[0, 13]"
EV-QuartuSantElena-3,CS-PiazzaRepubblica,86.0,172.0,14.620000000000001,8600,877,9477,"[0, 13]"
EV-QuartuSantElena-4,CS-PiazzaRepubblica,86.0,172.0,12.9,8600,774,9374,"[0, 13]"
EV-QuartuSantElena-5,CS-PiazzaRepubblica,86.0,172.0,13.76,8600,826,9426,"[0, 13]"
EV-QuartuSantElena-6,CS-PiazzaRepubblica,86.0,172.0,14.620000000000001,8600,877,9477,"[0, 13]"
EV-QuartuSantElena-7,CS-PiazzaRepubblica,86.0,172.0,12.9,8600,774,9374,"[0, 13]"
EV-QuartuSantElena-8,CS-PiazzaRepubblica,86.0,172.0,13.76,8600,826,9426,"[0, 13]"
EV-QuartuSantElena-9,CS-PiazzaRepubblica,86.0,172.0,14.620000000000001,8600,877,9477,"[0, 13]"
EV-QuartuSantElena-10,CS-PiazzaRepubblica,86.0,172.0,12.9,8600,774,9374,"[0, 13]"
EV-Quartucciu-1,CS-PiazzaLUnioneSarda,43.800000000000004,87.60000000000001,6.57,4380,328,4708,"[1, 15]"
EV-Quartucciu-2,CS-PiazzaLUnioneSarda,43.800000000000004,87.60000000000001,7.008000000000001,4380,350,4730,"[1, 15]"
EV-Quartucciu-3,CS-PiazzaLUnioneSarda,43.800000000000004,87.60000000000001,7.4460000000000015,4380,372,4752,"[1, 15]"
EV-Quartucciu-4,CS-PiazzaLUnioneSarda,43.800000000000004,87.60000000000001,6.57,4380,328,4708,"[1, 15]"
EV-Quartucciu-5,CS-PiazzaLUnioneSarda,43.800000000000004,87.60000000000001,7.008000000000001,4380,350,4730,"[1, 15]"
EV-Quartucciu-6,CS-PiazzaLUnioneSarda,43.800000000000004,87.60000000000001,7.4460000000000015,4380,372,4752,"[1, 15]"
EV-Quartucciu-7,CS-PiazzaLUnioneSarda,43.800000000000004,87.60000000000001,6.57,4380,328,4708,"[1, 15]"
EV-Quartucciu-8,CS-PiazzaLUnioneSarda,43.800000000000004,87.60000000000001,7.008000000000001,4380,350,4730,"[1, 15]"
EV-Quartucciu-9,CS-PiazzaLUnioneSarda,43.800000000000004,87.60000000000001,7.4460000000000015,4380,372,4752,"[1, 15]"
EV-Quartucciu-10,CS-PiazzaLUnioneSarda,43.800000000000004,87.60000000000001,6.57,4380,328,4708,"[1, 15]"
EV-Monserrato-1,CS-Cittadellauniversitaria,35.7,71.4,5.355,3570,268,3838,"[2, 11]"
EV-Monserrato-2,CS-Cittadellauniversitaria,35.7,71.4,5.712000000000001,3570,286,3856,"[2, 11]"
EV-Monserrato-3,CS-Cittadellauniversitaria,35.7,71.4,6.069000000000001,3570,303,3873,"[2, 11]"
EV-Monserrato-4,CS-Cittadellauniversitaria,35.7,71.4,5.355,3570,268,3838,"[2, 11]"
EV-Monserrato-5,CS-Cittadellauniversitaria,35.7,71.4,5.712000000000001,3570,286,3856,"[2, 11]"
EV-Monserrato-6,CS-Cittadellauniversitaria,35.7,71.4,6.069000000000001,3570,303,3873,"[2, 11]"
EV-Monserrato-7,CS-Cittadellauniversitaria,35.7,71.4,5.355,3570,268,3838,"[2, 11]"
EV-Monserrato-8,CS-Cittadellauniversitaria,35.7,71.4,5.712000000000001,3570,286,3856,"[2, 11]"
EV-Monserrato-9,CS-Cittadellauniversitaria,35.7,71.4,6.069000000000001,3570,303,3873,"[2, 11]"
EV-Monserrato-10,CS-Cittadellauniversitaria,35.7,71.4,5.355,3570,268,3838,"[2, 11]"
EV-Poetto-1,CS-PiazzaRepubblica,80.0,160.0,12.0,8000,720,8720,"[3, 13]"
EV-Poetto-2,CS-PiazzaRepubblica,80.0,160.0,12.8,8000,768,8768,"[3, 13]"
EV-Poetto-3,CS-PiazzaRepubblica,80.0,160.0,13.600000000000001,8000,816,8816,"[3, 13]"
EV-Poetto-4,CS-PiazzaRepubblica,80.0,160.0,12.0,8000,720,8720,"[3, 13]"
EV-Poetto-5,CS-PiazzaRepubblica,80.0,160.0,12.8,8000,768,8768,"[3, 13]"
EV-Poetto-6,CS-PiazzaRepubblica,80.0,160.0,13.600000000000001,8000,816,8816,"[3, 13]"
EV-Poetto-7,CS-PiazzaRepubblica,80.0,160.0,12.0,8000,720,8720,"[3, 13]"
EV-Poetto-8,CS-PiazzaRepubblica,80.0,160.0,12.8,8000,768,8768,"[3, 13]"
EV-Poetto-9,CS-PiazzaRepubblica,80.0,160.0,13.600000000000001,8000,816,8816,"[3, 13]"
EV-Poetto-10,CS-PiazzaRepubblica,80.0,160.0,12.0,8000,720,8720,"[3, 13]"
EV-SuPlanu-1,CS-VialeBuonCammino,56.300000000000004,112.60000000000001,8.445,5630,422,6052,"[4, 12]"
EV-SuPlanu-2,CS-VialeBuonCammino,56.300000000000004,112.60000000000001,9.008000000000001,5630,450,6080,"[4, 12]"
EV-SuPlanu-3,CS-VialeBuonCammino,56.300000000000004,112.60000000000001,9.571000000000002,5630,479,6109,"[4, 12]"
EV-SuPlanu-4,CS-VialeBuonCammino,56.300000000000004,112.60000000000001,8.445,5630,422,6052,"[4, 12]"
EV-SuPlanu-5,CS-VialeBuonCammino,56.300000000000004,112.60000000000001,9.008000000000001,5630,450,6080,"[4, 12]"
EV-SuPlanu-6,CS-VialeBuonCammino,56.300000000000004,112.60000000000001,9.571000000000002,5630,479,6109,"[4, 12]"
EV-SuPlanu-7,CS-VialeBuonCammino,56.300000000000004,112.60000000000001,8.445,5630,422,6052,"[4, 12]"
EV-SuPlanu-8,CS-VialeBuonCammino,56.300000000000004,112.60000000000001,9.008000000000001,5630,450,6080,"[4, 12]"
EV-SuPlanu-9,CS-VialeBuonCammino,56.300000000000004,112.60000000000001,9.571000000000002,5630,479,6109,"[4, 12]"
EV-SuPlanu-10,CS-VialeBuonCammino,56.300000000000004,112.60000000000001,8.445,5630,422,6052,"[4, 12]"
EV-LaPalma-1,CS-PiazzaRepubblica,36.0,72.0,5.3999999999999995,3600,324,3924,"[5, 13]"
EV-LaPalma-2,CS-PiazzaRepubblica,36.0,72.0,5.76,3600,346,3946,"[5, 13]"
EV-LaPalma-3,CS-PiazzaRepubblica,36.0,72.0,6.12,3600,367,3967,"[5, 13]"
EV-LaPalma-4,CS-PiazzaRepubblica,36.0,72.0,5.3999999999999995,3600,324,3924,"[5, 13]"
EV-LaPalma-5,CS-PiazzaRepubblica,36.0,72.0,5.76,3600,346,3946,"[5, 13]"
EV-LaPalma-6,CS-PiazzaRepubblica,36.0,72.0,6.12,3600,367,3967,"[5, 13]"
EV-LaPalma-7,CS-PiazzaRepubblica,36.0,72.0,5.3999999999999995,3600,324,3924,"[5, 13]"
EV-LaPalma-8,CS-PiazzaRepubblica,36.0,72.0,5.76,3600,346,3946,"[5, 13]"
EV-LaPalma-9,CS-PiazzaRepubblica,36.0,72.0,6.12,3600,367,3967,"[5, 13]"
EV-LaPalma-10,CS-PiazzaRepubblica,36.0,72.0,5.3999999999999995,3600,324,3924,"[5, 13]"
EV-Bonaria-1,CS-PiazzaRepubblica,16.0,32.0,2.4,1600,144,1744,"[6, 13]"
EV-Bonaria-2,CS-PiazzaRepubblica,16.0,32.0,2.56,1600,154,1754,"[6, 13]"
EV-Bonaria-3,CS-PiazzaRepubblica,16.0,32.0,2.72,1600,163,1763,"[6, 13]"
EV-Bonaria-4,CS-PiazzaRepubblica,16.0,32.0,2.4,1600,144,1744,"[6, 13]"
EV-Bonaria-5,CS-PiazzaRepubblica,16.0,32.0,2.56,1600,154,1754,"[6, 13]"
EV-Bonaria-6,CS-PiazzaRepubblica,16.0,32.0,2.72,1600,163,1763,"[6, 13]"
EV-Bonaria-7,CS-PiazzaRepubblica,16.0,32.0,2.4,1600,144,1744,"[6, 13]"
EV-Bonaria-8,CS-PiazzaRepubblica,16.0,32.0,2.56,1600,154,1754,"[6, 13]"
EV-Bonaria-9,CS-PiazzaRepubblica,16.0,32.0,2.72,1600,163,1763,"[6, 13]"
EV-Bonaria-10,CS-PiazzaRepubblica,16.0,32.0,2.4,1600,144,1744,"[6, 13]"
EV-Pirri-1,CS-Cittadellauniversitaria,39.0,78.0,5.85,3900,292,4192,"[7, 11]"
EV-Pirri-2,CS-Cittadellauniversitaria,39.0,78.0,6.24,3900,312,4212,"[7, 11]"
EV-Pirri-3,CS-Cittadellauniversitaria,39.0,78.0,6.630000000000001,3900,332,4232,"[7, 11]"
EV-Pirri-4,CS-Cittadellauniversitaria,39.0,78.0,5.85,3900,292,4192,"[7, 11]"
EV-Pirri-5,CS-Cittadellauniversitaria,39.0,78.0,6.24,3900,312,4212,"[7, 11]"
EV-Pirri-6,CS-Cittadellauniversitaria,39.0,78.0,6.630000000000001,3900,332,4232,"[7, 11]"
EV-Pirri-7,CS-Cittadellauniversitaria,39.0,78.0,5.85,3900,292,4192,"[7, 11]"
EV-Pirri-8,CS-Cittadellauniversitaria,39.0,78.0,6.24,3900,312,4212,"[7, 11]"
EV-Pirri-9,CS-Cittadellauniversitaria,39.0,78.0,6.630000000000001,3900,332,4232,"[7, 11]"
EV-Pirri-10,CS-Cittadellauniversitaria,39.0,78.0,5.85,3900,292,4192,"[7, 11]"
EV-IsMirrionis-1,CS-VialeBuonCammino,21.0,42.0,3.15,2100,158,2258,"[8, 12]"
EV-IsMirrionis-2,CS-VialeBuonCammino,21.0,42.0,3.36,2100,168,2268,"[8, 12]"
EV-IsMirrionis-3,CS-VialeBuonCammino,21.0,42.0,3.5700000000000003,2100,178,2278,"[8, 12]"
EV-IsMirrionis-4,CS-VialeBuonCammino,21.0,42.0,3.15,2100,158,2258,"[8, 12]"
EV-IsMirrionis-5,CS-VialeBuonCammino,21.0,42.0,3.36,2100,168,2268,"[8, 12]"
EV-IsMirrionis-6,CS-VialeBuonCammino,21.0,42.0,3.5700000000000003,2100,178,2278,"[8, 12]"
EV-IsMirrionis-7,CS-VialeBuonCammino,21.0,42.0,3.15,2100,158,2258,"[8, 12]"
EV-IsMirrionis-8,CS-VialeBuonCammino,21.0,42.0,3.36,2100,168,2268,"[8, 12]"
EV-IsMirrionis-9,CS-VialeBuonCammino,21.0,42.0,3.5700000000000003,2100,178,2278,"[8, 12]"
EV-IsMirrionis-10,CS-VialeBuonCammino,21.0,42.0,3.15,2100,158,2258,"[8, 12]"
EV-SanMichele-1,CS-LocalitàMarina,14.0,28.0,2.1,1400,116,1516,"[9, 14]"
EV-SanMichele-2,CS-LocalitàMarina,14.0,28.0,2.24,1400,123,1523,"[9, 14]"
EV-SanMichele-3,CS-LocalitàMarina,14.0,28.0,2.3800000000000003,1400,131,1531,"[9, 14]"
EV-SanMichele-4,CS-LocalitàMarina,14.0,28.0,2.1,1400,116,1516,"[9, 14]"
EV-SanMichele-5,CS-LocalitàMarina,14.0,28.0,2.24,1400,123,1523,"[9, 14]"
EV-SanMichele-6,CS-LocalitàMarina,14.0,28.0,2.3800000000000003,1400,131,1531,"[9, 14]"
EV-SanMichele-7,CS-LocalitàMarina,14.0,28.0,2.1,1400,116,1516,"[9, 14]"
EV-SanMichele-8,CS-LocalitàMarina,14.0,28.0,2.24,1400,123,1523,"[9, 14]"
EV-SanMichele-9,CS-LocalitàMarina,14.0,28.0,2.3800000000000003,1400,131,1531,"[9, 14]"
EV-SanMichele-10,CS-LocalitàMarina,14.0,28.0,2.1,1400,116,1516,"[9, 14]"
EV-CentroCittà-1,CS-PiazzaRepubblica,14.5,29.0,2.175,1450,130,1580,"[10, 13]"
EV-CentroCittà-2,CS-PiazzaRepubblica,14.5,29.0,2.32,1450,139,1589,"[10, 13]"
EV-CentroCittà-3,CS-PiazzaRepubblica,14.5,29.0,2.4650000000000003,1450,148,1598,"[10, 13]"
EV-CentroCittà-4,CS-PiazzaRepubblica,14.5,29.0,2.175,1450,130,1580,"[10, 13]"
EV-CentroCittà-5,CS-PiazzaRepubblica,14.5,29.0,2.32,1450,139,1589,"[10, 13]"
EV-CentroCittà-6,CS-PiazzaRepubblica,14.5,29.0,2.4650000000000003,1450,148,1598,"[10, 13]"
EV-CentroCittà-7,CS-PiazzaRepubblica,14.5,29.0,2.175,1450,130,1580,"[10, 13]"
EV-CentroCittà-8,CS-PiazzaRepubblica,14.5,29.0,2.32,1450,139,1589,"[10, 13]"
EV-CentroCittà-9,CS-PiazzaRepubblica,14.5,29.0,2.4650000000000003,1450,148,1598,"[10, 13]"
EV-CentroCittà-10,CS-PiazzaRepubblica,14.5,29.0,2.175,1450,130,1580,"[10, 13]"
