Supply_Location,Supply_Quantity,Cost_to_Cittadella universitaria,Cost_to_Viale Buon Cammino,Cost_to_Piazza Repubblica,Cost_to_Località Marina,Cost_to_Piazza L'Unione Sarda,Capacity_to_Cittadella universitaria,Capacity_to_Viale Buon Cammino,Capacity_to_Piazza Repubblica,Capacity_to_Località Marina,Capacity_to_Piazza L'Unione Sarda
Quartu Sant'Elena,50,8950,10300,8600,9700,15330,14,18,14,5,19
Quartucciu,30,7600,9100,7430,8800,4380,14,15,21,5,17
Monserrato,40,3570,8870,6500,8200,12230,17,18,13,5,19
Poetto,60,15450,11100,8000,8900,12000,18,14,13,8,20
Su Planu,10,7100,5630,7130,6800,6830,7,15,19,7,21
La Palma,15,11700,6700,3600,4600,7530,16,19,13,8,20
Bonaria,25,13270,3000,1600,2100,4500,23,19,12,8,19
Pirri,30,3900,5400,6650,7800,7570,5,20,13,5,19
Is Mirrionis,10,6800,2100,4470,4900,3170,6,7,17,5,15
San Michele,35,7200,1600,3570,1400,4200,12,5,15,7,19
Centro Città,45,7150,1700,1450,2800,4430,11,5,10,5,16
