{
  "total_cost_cents": 481268,
  "assignments": [
    {
      "ev_id": "EV-QuartuSantElena-1",
      "station_id": "CS-PiazzaRepubblica",
      "distance_km": 86.0,
      "time_min": 172.0,
      "energy_kwh": 12.9,
      "travel_cost_cents": 8600,
      "charging_cost_cents": 774,
      "total_cost_cents": 9374,
      "path_nodes": [
        0,
        13
      ]
    },
    {
      "ev_id": "EV-QuartuSantElena-2",
      "station_id": "CS-PiazzaRepubblica",
      "distance_km": 86.0,
      "time_min": 172.0,
      "energy_kwh": 13.76,
      "travel_cost_cents": 8600,
      "charging_cost_cents": 826,
      "total_cost_cents": 9426,
      "path_nodes": [
        0,
        13
      ]
    },
    {
      "ev_id": "EV-QuartuSantElena-3",
      "station_id": "CS-PiazzaRepubblica",
      "distance_km": 86.0,
      "time_min": 172.0,
      "energy_kwh": 14.620000000000001,
      "travel_cost_cents": 8600,
      "charging_cost_cents": 877,
      "total_cost_cents": 9477,
      "path_nodes": [
        0,
        13
      ]
    },
    {
      "ev_id": "EV-QuartuSantElena-4",
      "station_id": "CS-PiazzaRepubblica",
      "distance_km": 86.0,
      "time_min": 172.0,
      "energy_kwh": 12.9,
      "travel_cost_cents": 8600,
      "charging_cost_cents": 774,
      "total_cost_cents": 9374,
      "path_nodes": [
        0,
        13
      ]
    },
    {
      "ev_id": "EV-QuartuSantElena-5",
      "station_id": "CS-PiazzaRepubblica",
      "distance_km": 86.0,
      "time_min": 172.0,
      "energy_kwh": 13.76,
      "travel_cost_cents": 8600,
      "charging_cost_cents": 826,
      "total_cost_cents": 9426,
      "path_nodes": [
        0,
        13
      ]
    },
    {
      "ev_id": "EV-QuartuSantElena-6",
      "station_id": "CS-PiazzaRepubblica",
      "distance_km": 86.0,
      "time_min": 172.0,
      "energy_kwh": 14.620000000000001,
      "travel_cost_cents": 8600,
      "charging_cost_cents": 877,
      "total_cost_cents": 9477,
      "path_nodes": [
        0,
        13
      ]
    },
    {
      "ev_id": "EV-QuartuSantElena-7",
      "station_id": "CS-PiazzaRepubblica",
      "distance_km": 86.0,
      "time_min": 172.0,
      "energy_kwh": 12.9,
      "travel_cost_cents": 8600,
      "charging_cost_cents": 774,
      "total_cost_cents": 9374,
      "path_nodes": [
        0,
        13
      ]
    },
    {
      "ev_id": "EV-QuartuSantElena-8",
      "station_id": "CS-PiazzaRepubblica",
      "distance_km": 86.0,
      "time_min": 172.0,
      "energy_kwh": 13.76,
      "travel_cost_cents": 8600,
      "charging_cost_cents": 826,
      "total_cost_cents": 9426,
      "path_nodes": [
        0,
        13
      ]
    },
    {
      "ev_id": "EV-QuartuSantElena-9",
      "station_id": "CS-PiazzaRepubblica",
      "distance_km": 86.0,
      "time_min": 172.0,
      "energy_kwh": 14.620000000000001,
      "travel_cost_cents": 8600,
      "charging_cost_cents": 877,
      "total_cost_cents": 9477,
      "path_nodes": [
        0,
        13
      ]
    },
    {
      "ev_id": "EV-QuartuSantElena-10",
      "station_id": "CS-PiazzaRepubblica",
      "distance_km": 86.0,
      "time_min": 172.0,
      "energy_kwh": 12.9,
      "travel_cost_cents": 8600,
      "charging_cost_cents": 774,
      "total_cost_cents": 9374,
      "path_nodes": [
        0,
        13
      ]
    },
    {
      "ev_id": "EV-Quartucciu-1",
      "station_id": "CS-PiazzaLUnioneSarda",
      "distance_km": 43.800000000000004,
      "time_min": 87.60000000000001,
      "energy_kwh": 6.57,
      "travel_cost_cents": 4380,
      "charging_cost_cents": 328,
      "total_cost_cents": 4708,
      "path_nodes": [
        1,
        15
      ]
    },
    {
      "ev_id": "EV-Quartucciu-2",
      "station_id": "CS-PiazzaLUnioneSarda",
      "distance_km": 43.800000000000004,
      "time_min": 87.60000000000001,
      "energy_kwh": 7.008000000000001,
      "travel_cost_cents": 4380,
      "charging_cost_cents": 350,
      "total_cost_cents": 4730,
      "path_nodes": [
        1,
        15
      ]
    },
    {
      "ev_id": "EV-Quartucciu-3",
      "station_id": "CS-PiazzaLUnioneSarda",
      "distance_km": 43.800000000000004,
      "time_min": 87.60000000000001,
      "energy_kwh": 7.4460000000000015,
      "travel_cost_cents": 4380,
      "charging_cost_cents": 372,
      "total_cost_cents": 4752,
      "path_nodes": [
        1,
        15
      ]
    },
    {
      "ev_id": "EV-Quartucciu-4",
      "station_id": "CS-PiazzaLUnioneSarda",
      "distance_km": 43.800000000000004,
      "time_min": 87.60000000000001,
      "energy_kwh": 6.57,
      "travel_cost_cents": 4380,
      "charging_cost_cents": 328,
      "total_cost_cents": 4708,
      "path_nodes": [
        1,
        15
      ]
    },
    {
      "ev_id": "EV-Quartucciu-5",
      "station_id": "CS-PiazzaLUnioneSarda",
      "distance_km": 43.800000000000004,
      "time_min": 87.60000000000001,
      "energy_kwh": 7.008000000000001,
      "travel_cost_cents": 4380,
      "charging_cost_cents": 350,
      "total_cost_cents": 4730,
      "path_nodes": [
        1,
        15
      ]
    },
    {
      "ev_id": "EV-Quartucciu-6",
      "station_id": "CS-PiazzaLUnioneSarda",
      "distance_km": 43.800000000000004,
      "time_min": 87.60000000000001,
      "energy_kwh": 7.4460000000000015,
      "travel_cost_cents": 4380,
      "charging_cost_cents": 372,
      "total_cost_cents": 4752,
      "path_nodes": [
        1,
        15
      ]
    },
    {
      "ev_id": "EV-Quartucciu-7",
      "station_id": "CS-PiazzaLUnioneSarda",
      "distance_km": 43.800000000000004,
      "time_min": 87.60000000000001,
      "energy_kwh": 6.57,
      "travel_cost_cents": 4380,
      "charging_cost_cents": 328,
      "total_cost_cents": 4708,
      "path_nodes": [
        1,
        15
      ]
    },
    {
      "ev_id": "EV-Quartucciu-8",
      "station_id": "CS-PiazzaLUnioneSarda",
      "distance_km": 43.800000000000004,
      "time_min": 87.60000000000001,
      "energy_kwh": 7.008000000000001,
      "travel_cost_cents": 4380,
      "charging_cost_cents": 350,
      "total_cost_cents": 4730,
      "path_nodes": [
        1,
        15
      ]
    },
    {
      "ev_id": "EV-Quartucciu-9",
      "station_id": "CS-PiazzaLUnioneSarda",
      "distance_km": 43.800000000000004,
      "time_min": 87.60000000000001,
      "energy_kwh": 7.4460000000000015,
      "travel_cost_cents": 4380,
      "charging_cost_cents": 372,
      "total_cost_cents": 4752,
      "path_nodes": [
        1,
        15
      ]
    },
    {
      "ev_id": "EV-Quartucciu-10",
      "station_id": "CS-PiazzaLUnioneSarda",
      "distance_km": 43.800000000000004,
      "time_min": 87.60000000000001,
      "energy_kwh": 6.57,
      "travel_cost_cents": 4380,
      "charging_cost_cents": 328,
      "total_cost_cents": 4708,
      "path_nodes": [
        1,
        15
      ]
    },
    {
      "ev_id": "EV-Monserrato-1",
      "station_id": "CS-Cittadellauniversitaria",
      "distance_km": 35.7,
      "time_min": 71.4,
      "energy_kwh": 5.355,
      "travel_cost_cents": 3570,
      "charging_cost_cents": 268,
      "total_cost_cents": 3838,
      "path_nodes": [
        2,
        11
      ]
    },
    {
      "ev_id": "EV-Monserrato-2",
      "station_id": "CS-Cittadellauniversitaria",
      "distance_km": 35.7,
      "time_min": 71.4,
      "energy_kwh": 5.712000000000001,
      "travel_cost_cents": 3570,
      "charging_cost_cents": 286,
      "total_cost_cents": 3856,
      "path_nodes": [
        2,
        11
      ]
    },
    {
      "ev_id": "EV-Monserrato-3",
      "station_id": "CS-Cittadellauniversitaria",
      "distance_km": 35.7,
      "time_min": 71.4,
      "energy_kwh": 6.069000000000001,
      "travel_cost_cents": 3570,
      "charging_cost_cents": 303,
      "total_cost_cents": 3873,
      "path_nodes": [
        2,
        11
      ]
    },
    {
      "ev_id": "EV-Monserrato-4",
      "station_id": "CS-Cittadellauniversitaria",
      "distance_km": 35.7,
      "time_min": 71.4,
      "energy_kwh": 5.355,
      "travel_cost_cents": 3570,
      "charging_cost_cents": 268,
      "total_cost_cents": 3838,
      "path_nodes": [
        2,
        11
      ]
    },
    {
      "ev_id": "EV-Monserrato-5",
      "station_id": "CS-Cittadellauniversitaria",
      "distance_km": 35.7,
      "time_min": 71.4,
      "energy_kwh": 5.712000000000001,
      "travel_cost_cents": 3570,
      "charging_cost_cents": 286,
      "total_cost_cents": 3856,
      "path_nodes": [
        2,
        11
      ]
    },
    {
      "ev_id": "EV-Monserrato-6",
      "station_id": "CS-Cittadellauniversitaria",
      "distance_km": 35.7,
      "time_min": 71.4,
      "energy_kwh": 6.069000000000001,
      "travel_cost_cents": 3570,
      "charging_cost_cents": 303,
      "total_cost_cents": 3873,
      "path_nodes": [
        2,
        11
      ]
    },
    {
      "ev_id": "EV-Monserrato-7",
      "station_id": "CS-Cittadellauniversitaria",
      "distance_km": 35.7,
      "time_min": 71.4,
      "energy_kwh": 5.355,
      "travel_cost_cents": 3570,
      "charging_cost_cents": 268,
      "total_cost_cents": 3838,
      "path_nodes": [
        2,
        11
      ]
    },
    {
      "ev_id": "EV-Monserrato-8",
      "station_id": "CS-Cittadellauniversitaria",
      "distance_km": 35.7,
      "time_min": 71.4,
      "energy_kwh": 5.712000000000001,
      "travel_cost_cents": 3570,
      "charging_cost_cents": 286,
      "total_cost_cents": 3856,
      "path_nodes": [
        2,
        11
      ]
    },
    {
      "ev_id": "EV-Monserrato-9",
      "station_id": "CS-Cittadellauniversitaria",
      "distance_km": 35.7,
      "time_min": 71.4,
      "energy_kwh": 6.069000000000001,
      "travel_cost_cents": 3570,
      "charging_cost_cents": 303,
      "total_cost_cents": 3873,
      "path_nodes": [
        2,
        11
      ]
    },
    {
      "ev_id": "EV-Monserrato-10",
      "station_id": "CS-Cittadellauniversitaria",
      "distance_km": 35.7,
      "time_min": 71.4,
      "energy_kwh": 5.355,
      "travel_cost_cents": 3570,
      "charging_cost_cents": 268,
      "total_cost_cents": 3838,
      "path_nodes": [
        2,
        11
      ]
    },
    {
      "ev_id": "EV-Poetto-1",
      "station_id": "CS-PiazzaRepubblica",
      "distance_km": 80.0,
      "time_min": 160.0,
      "energy_kwh": 12.0,
      "travel_cost_cents": 8000,
      "charging_cost_cents": 720,
      "total_cost_cents": 8720,
      "path_nodes": [
        3,
        13
      ]
    },
    {
      "ev_id": "EV-Poetto-2",
      "station_id": "CS-PiazzaRepubblica",
      "distance_km": 80.0,
      "time_min": 160.0,
      "energy_kwh": 12.8,
      "travel_cost_cents": 8000,
      "charging_cost_cents": 768,
      "total_cost_cents": 8768,
      "path_nodes": [
        3,
        13
      ]
    },
    {
      "ev_id": "EV-Poetto-3",
      "station_id": "CS-PiazzaRepubblica",
      "distance_km": 80.0,
      "time_min": 160.0,
      "energy_kwh": 13.600000000000001,
      "travel_cost_cents": 8000,
      "charging_cost_cents": 816,
      "total_cost_cents": 8816,
      "path_nodes": [
        3,
        13
      ]
    },
    {
      "ev_id": "EV-Poetto-4",
      "station_id": "CS-PiazzaRepubblica",
      "distance_km": 80.0,
      "time_min": 160.0,
      "energy_kwh": 12.0,
      "travel_cost_cents": 8000,
      "charging_cost_cents": 720,
      "total_cost_cents": 8720,
      "path_nodes": [
        3,
        13
      ]
    },
    {
      "ev_id": "EV-Poetto-5",
      "station_id": "CS-PiazzaRepubblica",
      "distance_km": 80.0,
      "time_min": 160.0,
      "energy_kwh": 12.8,
      "travel_cost_cents": 8000,
      "charging_cost_cents": 768,
      "total_cost_cents": 8768,
      "path_nodes": [
        3,
        13
      ]
    },
    {
      "ev_id": "EV-Poetto-6",
      "station_id": "CS-PiazzaRepubblica",
      "distance_km": 80.0,
      "time_min": 160.0,
      "energy_kwh": 13.600000000000001,
      "travel_cost_cents": 8000,
      "charging_cost_cents": 816,
      "total_cost_cents": 8816,
      "path_nodes": [
        3,
        13
      ]
    },
    {
      "ev_id": "EV-Poetto-7",
      "station_id": "CS-PiazzaRepubblica",
      "distance_km": 80.0,
      "time_min": 160.0,
      "energy_kwh": 12.0,
      "travel_cost_cents": 8000,
      "charging_cost_cents": 720,
      "total_cost_cents": 8720,
      "path_nodes": [
        3,
        13
      ]
    },
    {
      "ev_id": "EV-Poetto-8",
      "station_id": "CS-PiazzaRepubblica",
      "distance_km": 80.0,
      "time_min": 160.0,
      "energy_kwh": 12.8,
      "travel_cost_cents": 8000,
      "charging_cost_cents": 768,
      "total_cost_cents": 8768,
      "path_nodes": [
        3,
        13
      ]
    },
    {
      "ev_id": "EV-Poetto-9",
      "station_id": "CS-PiazzaRepubblica",
      "distance_km": 80.0,
      "time_min": 160.0,
      "energy_kwh": 13.600000000000001,
      "travel_cost_cents": 8000,
      "charging_cost_cents": 816,
      "total_cost_cents": 8816,
      "path_nodes": [
        3,
        13
      ]
    },
    {
      "ev_id": "EV-Poetto-10",
      "station_id": "CS-PiazzaRepubblica",
      "distance_km": 80.0,
      "time_min": 160.0,
      "energy_kwh": 12.0,
      "travel_cost_cents": 8000,
      "charging_cost_cents": 720,
      "total_cost_cents": 8720,
      "path_nodes": [
        3,
        13
      ]
    },
    {
      "ev_id": "EV-SuPlanu-1",
      "station_id": "CS-VialeBuonCammino",
      "distance_km": 56.300000000000004,
      "time_min": 112.60000000000001,
      "energy_kwh": 8.445,
      "travel_cost_cents": 5630,
      "charging_cost_cents": 422,
      "total_cost_cents": 6052,
      "path_nodes": [
        4,
        12
      ]
    },
    {
      "ev_id": "EV-SuPlanu-2",
      "station_id": "CS-VialeBuonCammino",
      "distance_km": 56.300000000000004,
      "time_min": 112.60000000000001,
      "energy_kwh": 9.008000000000001,
      "travel_cost_cents": 5630,
      "charging_cost_cents": 450,
      "total_cost_cents": 6080,
      "path_nodes": [
        4,
        12
      ]
    },
    {
      "ev_id": "EV-SuPlanu-3",
      "station_id": "CS-VialeBuonCammino",
      "distance_km": 56.300000000000004,
      "time_min": 112.60000000000001,
      "energy_kwh": 9.571000000000002,
      "travel_cost_cents": 5630,
      "charging_cost_cents": 479,
      "total_cost_cents": 6109,
      "path_nodes": [
        4,
        12
      ]
    },
    {
      "ev_id": "EV-SuPlanu-4",
      "station_id": "CS-VialeBuonCammino",
      "distance_km": 56.300000000000004,
      "time_min": 112.60000000000001,
      "energy_kwh": 8.445,
      "travel_cost_cents": 5630,
      "charging_cost_cents": 422,
      "total_cost_cents": 6052,
      "path_nodes": [
        4,
        12
      ]
    },
    {
      "ev_id": "EV-SuPlanu-5",
      "station_id": "CS-VialeBuonCammino",
      "distance_km": 56.300000000000004,
      "time_min": 112.60000000000001,
      "energy_kwh": 9.008000000000001,
      "travel_cost_cents": 5630,
      "charging_cost_cents": 450,
      "total_cost_cents": 6080,
      "path_nodes": [
        4,
        12
      ]
    },
    {
      "ev_id": "EV-SuPlanu-6",
      "station_id": "CS-VialeBuonCammino",
      "distance_km": 56.300000000000004,
      "time_min": 112.60000000000001,
      "energy_kwh": 9.571000000000002,
      "travel_cost_cents": 5630,
      "charging_cost_cents": 479,
      "total_cost_cents": 6109,
      "path_nodes": [
        4,
        12
      ]
    },
    {
      "ev_id": "EV-SuPlanu-7",
      "station_id": "CS-VialeBuonCammino",
      "distance_km": 56.300000000000004,
      "time_min": 112.60000000000001,
      "energy_kwh": 8.445,
      "travel_cost_cents": 5630,
      "charging_cost_cents": 422,
      "total_cost_cents": 6052,
      "path_nodes": [
        4,
        12
      ]
    },
    {
      "ev_id": "EV-SuPlanu-8",
      "station_id": "CS-VialeBuonCammino",
      "distance_km": 56.300000000000004,
      "time_min": 112.60000000000001,
      "energy_kwh": 9.008000000000001,
      "travel_cost_cents": 5630,
      "charging_cost_cents": 450,
      "total_cost_cents": 6080,
      "path_nodes": [
        4,
        12
      ]
    },
    {
      "ev_id": "EV-SuPlanu-9",
      "station_id": "CS-VialeBuonCammino",
      "distance_km": 56.300000000000004,
      "time_min": 112.60000000000001,
      "energy_kwh": 9.571000000000002,
      "travel_cost_cents": 5630,
      "charging_cost_cents": 479,
      "total_cost_cents": 6109,
      "path_nodes": [
        4,
        12
      ]
    },
    {
      "ev_id": "EV-SuPlanu-10",
      "station_id": "CS-VialeBuonCammino",
      "distance_km": 56.300000000000004,
      "time_min": 112.60000000000001,
      "energy_kwh": 8.445,
      "travel_cost_cents": 5630,
      "charging_cost_cents": 422,
      "total_cost_cents": 6052,
      "path_nodes": [
        4,
        12
      ]
    },
    {
      "ev_id": "EV-LaPalma-1",
      "station_id": "CS-PiazzaRepubblica",
      "distance_km": 36.0,
      "time_min": 72.0,
      "energy_kwh": 5.3999999999999995,
      "travel_cost_cents": 3600,
      "charging_cost_cents": 324,
      "total_cost_cents": 3924,
      "path_nodes": [
        5,
        13
      ]
    },
    {
      "ev_id": "EV-LaPalma-2",
      "station_id": "CS-PiazzaRepubblica",
      "distance_km": 36.0,
      "time_min": 72.0,
      "energy_kwh": 5.76,
      "travel_cost_cents": 3600,
      "charging_cost_cents": 346,
      "total_cost_cents": 3946,
      "path_nodes": [
        5,
        13
      ]
    },
    {
      "ev_id": "EV-LaPalma-3",
      "station_id": "CS-PiazzaRepubblica",
      "distance_km": 36.0,
      "time_min": 72.0,
      "energy_kwh": 6.12,
      "travel_cost_cents": 3600,
      "charging_cost_cents": 367,
      "total_cost_cents": 3967,
      "path_nodes": [
        5,
        13
      ]
    },
    {
      "ev_id": "EV-LaPalma-4",
      "station_id": "CS-PiazzaRepubblica",
      "distance_km": 36.0,
      "time_min": 72.0,
      "energy_kwh": 5.3999999999999995,
      "travel_cost_cents": 3600,
      "charging_cost_cents": 324,
      "total_cost_cents": 3924,
      "path_nodes": [
        5,
        13
      ]
    },
    {
      "ev_id": "EV-LaPalma-5",
      "station_id": "CS-PiazzaRepubblica",
      "distance_km": 36.0,
      "time_min": 72.0,
      "energy_kwh": 5.76,
      "travel_cost_cents": 3600,
      "charging_cost_cents": 346,
      "total_cost_cents": 3946,
      "path_nodes": [
        5,
        13
      ]
    },
    {
      "ev_id": "EV-LaPalma-6",
      "station_id": "CS-PiazzaRepubblica",
      "distance_km": 36.0,
      "time_min": 72.0,
      "energy_kwh": 6.12,
      "travel_cost_cents": 3600,
      "charging_cost_cents": 367,
      "total_cost_cents": 3967,
      "path_nodes": [
        5,
        13
      ]
    },
    {
      "ev_id": "EV-LaPalma-7",
      "station_id": "CS-PiazzaRepubblica",
      "distance_km": 36.0,
      "time_min": 72.0,
      "energy_kwh": 5.3999999999999995,
      "travel_cost_cents": 3600,
      "charging_cost_cents": 324,
      "total_cost_cents": 3924,
      "path_nodes": [
        5,
        13
      ]
    },
    {
      "ev_id": "EV-LaPalma-8",
      "station_id": "CS-PiazzaRepubblica",
      "distance_km": 36.0,
      "time_min": 72.0,
      "energy_kwh": 5.76,
      "travel_cost_cents": 3600,
      "charging_cost_cents": 346,
      "total_cost_cents": 3946,
      "path_nodes": [
        5,
        13
      ]
    },
    {
      "ev_id": "EV-LaPalma-9",
      "station_id": "CS-PiazzaRepubblica",
      "distance_km": 36.0,
      "time_min": 72.0,
      "energy_kwh": 6.12,
      "travel_cost_cents": 3600,
      "charging_cost_cents": 367,
      "total_cost_cents": 3967,
      "path_nodes": [
        5,
        13
      ]
    },
    {
      "ev_id": "EV-LaPalma-10",
      "station_id": "CS-PiazzaRepubblica",
      "distance_km": 36.0,
      "time_min": 72.0,
      "energy_kwh": 5.3999999999999995,
      "travel_cost_cents": 3600,
      "charging_cost_cents": 324,
      "total_cost_cents": 3924,
      "path_nodes": [
        5,
        13
      ]
    },
    {
      "ev_id": "EV-Bonaria-1",
      "station_id": "CS-PiazzaRepubblica",
      "distance_km": 16.0,
      "time_min": 32.0,
      "energy_kwh": 2.4,
      "travel_cost_cents": 1600,
      "charging_cost_cents": 144,
      "total_cost_cents": 1744,
      "path_nodes": [
        6,
        13
      ]
    },
    {
      "ev_id": "EV-Bonaria-2",
      "station_id": "CS-PiazzaRepubblica",
      "distance_km": 16.0,
      "time_min": 32.0,
      "energy_kwh": 2.56,
      "travel_cost_cents": 1600,
      "charging_cost_cents": 154,
      "total_cost_cents": 1754,
      "path_nodes": [
        6,
        13
      ]
    },
    {
      "ev_id": "EV-Bonaria-3",
      "station_id": "CS-PiazzaRepubblica",
      "distance_km": 16.0,
      "time_min": 32.0,
      "energy_kwh": 2.72,
      "travel_cost_cents": 1600,
      "charging_cost_cents": 163,
      "total_cost_cents": 1763,
      "path_nodes": [
        6,
        13
      ]
    },
    {
      "ev_id": "EV-Bonaria-4",
      "station_id": "CS-PiazzaRepubblica",
      "distance_km": 16.0,
      "time_min": 32.0,
      "energy_kwh": 2.4,
      "travel_cost_cents": 1600,
      "charging_cost_cents": 144,
      "total_cost_cents": 1744,
      "path_nodes": [
        6,
        13
      ]
    },
    {
      "ev_id": "EV-Bonaria-5",
      "station_id": "CS-PiazzaRepubblica",
      "distance_km": 16.0,
      "time_min": 32.0,
      "energy_kwh": 2.56,
      "travel_cost_cents": 1600,
      "charging_cost_cents": 154,
      "total_cost_cents": 1754,
      "path_nodes": [
        6,
        13
      ]
    },
    {
      "ev_id": "EV-Bonaria-6",
      "station_id": "CS-PiazzaRepubblica",
      "distance_km": 16.0,
      "time_min": 32.0,
      "energy_kwh": 2.72,
      "travel_cost_cents": 1600,
      "charging_cost_cents": 163,
      "total_cost_cents": 1763,
      "path_nodes": [
        6,
        13
      ]
    },
    {
      "ev_id": "EV-Bonaria-7",
      "station_id": "CS-PiazzaRepubblica",
      "distance_km": 16.0,
      "time_min": 32.0,
      "energy_kwh": 2.4,
      "travel_cost_cents": 1600,
      "charging_cost_cents": 144,
      "total_cost_cents": 1744,
      "path_nodes": [
        6,
        13
      ]
    },
    {
      "ev_id": "EV-Bonaria-8",
      "station_id": "CS-PiazzaRepubblica",
      "distance_km": 16.0,
      "time_min": 32.0,
      "energy_kwh": 2.56,
      "travel_cost_cents": 1600,
      "charging_cost_cents": 154,
      "total_cost_cents": 1754,
      "path_nodes": [
        6,
        13
      ]
    },
    {
      "ev_id": "EV-Bonaria-9",
      "station_id": "CS-PiazzaRepubblica",
      "distance_km": 16.0,
      "time_min": 32.0,
      "energy_kwh": 2.72,
      "travel_cost_cents": 1600,
      "charging_cost_cents": 163,
      "total_cost_cents": 1763,
      "path_nodes": [
        6,
        13
      ]
    },
    {
      "ev_id": "EV-Bonaria-10",
      "station_id": "CS-PiazzaRepubblica",
      "distance_km": 16.0,
      "time_min": 32.0,
      "energy_kwh": 2.4,
      "travel_cost_cents": 1600,
      "charging_cost_cents": 144,
      "total_cost_cents": 1744,
      "path_nodes": [
        6,
        13
      ]
    },
    {
      "ev_id": "EV-Pirri-1",
      "station_id": "CS-Cittadellauniversitaria",
      "distance_km": 39.0,
      "time_min": 78.0,
      "energy_kwh": 5.85,
      "travel_cost_cents": 3900,
      "charging_cost_cents": 292,
      "total_cost_cents": 4192,
      "path_nodes": [
        7,
        11
      ]
    },
    {
      "ev_id": "EV-Pirri-2",
      "station_id": "CS-Cittadellauniversitaria",
      "distance_km": 39.0,
      "time_min": 78.0,
      "energy_kwh": 6.24,
      "travel_cost_cents": 3900,
      "charging_cost_cents": 312,
      "total_cost_cents": 4212,
      "path_nodes": [
        7,
        11
      ]
    },
    {
      "ev_id": "EV-Pirri-3",
      "station_id": "CS-Cittadellauniversitaria",
      "distance_km": 39.0,
      "time_min": 78.0,
      "energy_kwh": 6.630000000000001,
      "travel_cost_cents": 3900,
      "charging_cost_cents": 332,
      "total_cost_cents": 4232,
      "path_nodes": [
        7,
        11
      ]
    },
    {
      "ev_id": "EV-Pirri-4",
      "station_id": "CS-Cittadellauniversitaria",
      "distance_km": 39.0,
      "time_min": 78.0,
      "energy_kwh": 5.85,
      "travel_cost_cents": 3900,
      "charging_cost_cents": 292,
      "total_cost_cents": 4192,
      "path_nodes": [
        7,
        11
      ]
    },
    {
      "ev_id": "EV-Pirri-5",
      "station_id": "CS-Cittadellauniversitaria",
      "distance_km": 39.0,
      "time_min": 78.0,
      "energy_kwh": 6.24,
      "travel_cost_cents": 3900,
      "charging_cost_cents": 312,
      "total_cost_cents": 4212,
      "path_nodes": [
        7,
        11
      ]
    },
    {
      "ev_id": "EV-Pirri-6",
      "station_id": "CS-Cittadellauniversitaria",
      "distance_km": 39.0,
      "time_min": 78.0,
      "energy_kwh": 6.630000000000001,
      "travel_cost_cents": 3900,
      "charging_cost_cents": 332,
      "total_cost_cents": 4232,
      "path_nodes": [
        7,
        11
      ]
    },
    {
      "ev_id": "EV-Pirri-7",
      "station_id": "CS-Cittadellauniversitaria",
      "distance_km": 39.0,
      "time_min": 78.0,
      "energy_kwh": 5.85,
      "travel_cost_cents": 3900,
      "charging_cost_cents": 292,
      "total_cost_cents": 4192,
      "path_nodes": [
        7,
        11
      ]
    },
    {
      "ev_id": "EV-Pirri-8",
      "station_id": "CS-Cittadellauniversitaria",
      "distance_km": 39.0,
      "time_min": 78.0,
      "energy_kwh": 6.24,
      "travel_cost_cents": 3900,
      "charging_cost_cents": 312,
      "total_cost_cents": 4212,
      "path_nodes": [
        7,
        11
      ]
    },
    {
      "ev_id": "EV-Pirri-9",
      "station_id": "CS-Cittadellauniversitaria",
      "distance_km": 39.0,
      "time_min": 78.0,
      "energy_kwh": 6.630000000000001,
      "travel_cost_cents": 3900,
      "charging_cost_cents": 332,
      "total_cost_cents": 4232,
      "path_nodes": [
        7,
        11
      ]
    },
    {
      "ev_id": "EV-Pirri-10",
      "station_id": "CS-Cittadellauniversitaria",
      "distance_km": 39.0,
      "time_min": 78.0,
      "energy_kwh": 5.85,
      "travel_cost_cents": 3900,
      "charging_cost_cents": 292,
      "total_cost_cents": 4192,
      "path_nodes": [
        7,
        11
      ]
    },
    {
      "ev_id": "EV-IsMirrionis-1",
      "station_id": "CS-VialeBuonCammino",
      "distance_km": 21.0,
      "time_min": 42.0,
      "energy_kwh": 3.15,
      "travel_cost_cents": 2100,
      "charging_cost_cents": 158,
      "total_cost_cents": 2258,
      "path_nodes": [
        8,
        12
      ]
    },
    {
      "ev_id": "EV-IsMirrionis-2",
      "station_id": "CS-VialeBuonCammino",
      "distance_km": 21.0,
      "time_min": 42.0,
      "energy_kwh": 3.36,
      "travel_cost_cents": 2100,
      "charging_cost_cents": 168,
      "total_cost_cents": 2268,
      "path_nodes": [
        8,
        12
      ]
    },
    {
      "ev_id": "EV-IsMirrionis-3",
      "station_id": "CS-VialeBuonCammino",
      "distance_km": 21.0,
      "time_min": 42.0,
      "energy_kwh": 3.5700000000000003,
      "travel_cost_cents": 2100,
      "charging_cost_cents": 178,
      "total_cost_cents": 2278,
      "path_nodes": [
        8,
        12
      ]
    },
    {
      "ev_id": "EV-IsMirrionis-4",
      "station_id": "CS-VialeBuonCammino",
      "distance_km": 21.0,
      "time_min": 42.0,
      "energy_kwh": 3.15,
      "travel_cost_cents": 2100,
      "charging_cost_cents": 158,
      "total_cost_cents": 2258,
      "path_nodes": [
        8,
        12
      ]
    },
    {
      "ev_id": "EV-IsMirrionis-5",
      "station_id": "CS-VialeBuonCammino",
      "distance_km": 21.0,
      "time_min": 42.0,
      "energy_kwh": 3.36,
      "travel_cost_cents": 2100,
      "charging_cost_cents": 168,
      "total_cost_cents": 2268,
      "path_nodes": [
        8,
        12
      ]
    },
    {
      "ev_id": "EV-IsMirrionis-6",
      "station_id": "CS-VialeBuonCammino",
      "distance_km": 21.0,
      "time_min": 42.0,
      "energy_kwh": 3.5700000000000003,
      "travel_cost_cents": 2100,
      "charging_cost_cents": 178,
      "total_cost_cents": 2278,
      "path_nodes": [
        8,
        12
      ]
    },
    {
      "ev_id": "EV-IsMirrionis-7",
      "station_id": "CS-VialeBuonCammino",
      "distance_km": 21.0,
      "time_min": 42.0,
      "energy_kwh": 3.15,
      "travel_cost_cents": 2100,
      "charging_cost_cents": 158,
      "total_cost_cents": 2258,
      "path_nodes": [
        8,
        12
      ]
    },
    {
      "ev_id": "EV-IsMirrionis-8",
      "station_id": "CS-VialeBuonCammino",
      "distance_km": 21.0,
      "time_min": 42.0,
      "energy_kwh": 3.36,
      "travel_cost_cents": 2100,
      "charging_cost_cents": 168,
      "total_cost_cents": 2268,
      "path_nodes": [
        8,
        12
      ]
    },
    {
      "ev_id": "EV-IsMirrionis-9",
      "station_id": "CS-VialeBuonCammino",
      "distance_km": 21.0,
      "time_min": 42.0,
      "energy_kwh": 3.5700000000000003,
      "travel_cost_cents": 2100,
      "charging_cost_cents": 178,
      "total_cost_cents": 2278,
      "path_nodes": [
        8,
        12
      ]
    },
    {
      "ev_id": "EV-IsMirrionis-10",
      "station_id": "CS-VialeBuonCammino",
      "distance_km": 21.0,
      "time_min": 42.0,
      "energy_kwh": 3.15,
      "travel_cost_cents": 2100,
      "charging_cost_cents": 158,
      "total_cost_cents": 2258,
      "path_nodes": [
        8,
        12
      ]
    },
    {
      "ev_id": "EV-SanMichele-1",
      "station_id": "CS-Localit\u00e0Marina",
      "distance_km": 14.0,
      "time_min": 28.0,
      "energy_kwh": 2.1,
      "travel_cost_cents": 1400,
      "charging_cost_cents": 116,
      "total_cost_cents": 1516,
      "path_nodes": [
        9,
        14
      ]
    },
    {
      "ev_id": "EV-SanMichele-2",
      "station_id": "CS-Localit\u00e0Marina",
      "distance_km": 14.0,
      "time_min": 28.0,
      "energy_kwh": 2.24,
      "travel_cost_cents": 1400,
      "charging_cost_cents": 123,
      "total_cost_cents": 1523,
      "path_nodes": [
        9,
        14
      ]
    },
    {
      "ev_id": "EV-SanMichele-3",
      "station_id": "CS-Localit\u00e0Marina",
      "distance_km": 14.0,
      "time_min": 28.0,
      "energy_kwh": 2.3800000000000003,
      "travel_cost_cents": 1400,
      "charging_cost_cents": 131,
      "total_cost_cents": 1531,
      "path_nodes": [
        9,
        14
      ]
    },
    {
      "ev_id": "EV-SanMichele-4",
      "station_id": "CS-Localit\u00e0Marina",
      "distance_km": 14.0,
      "time_min": 28.0,
      "energy_kwh": 2.1,
      "travel_cost_cents": 1400,
      "charging_cost_cents": 116,
      "total_cost_cents": 1516,
      "path_nodes": [
        9,
        14
      ]
    },
    {
      "ev_id": "EV-SanMichele-5",
      "station_id": "CS-Localit\u00e0Marina",
      "distance_km": 14.0,
      "time_min": 28.0,
      "energy_kwh": 2.24,
      "travel_cost_cents": 1400,
      "charging_cost_cents": 123,
      "total_cost_cents": 1523,
      "path_nodes": [
        9,
        14
      ]
    },
    {
      "ev_id": "EV-SanMichele-6",
      "station_id": "CS-Localit\u00e0Marina",
      "distance_km": 14.0,
      "time_min": 28.0,
      "energy_kwh": 2.3800000000000003,
      "travel_cost_cents": 1400,
      "charging_cost_cents": 131,
      "total_cost_cents": 1531,
      "path_nodes": [
        9,
        14
      ]
    },
    {
      "ev_id": "EV-SanMichele-7",
      "station_id": "CS-Localit\u00e0Marina",
      "distance_km": 14.0,
      "time_min": 28.0,
      "energy_kwh": 2.1,
      "travel_cost_cents": 1400,
      "charging_cost_cents": 116,
      "total_cost_cents": 1516,
      "path_nodes": [
        9,
        14
      ]
    },
    {
      "ev_id": "EV-SanMichele-8",
      "station_id": "CS-Localit\u00e0Marina",
      "distance_km": 14.0,
      "time_min": 28.0,
      "energy_kwh": 2.24,
      "travel_cost_cents": 1400,
      "charging_cost_cents": 123,
      "total_cost_cents": 1523,
      "path_nodes": [
        9,
        14
      ]
    },
    {
      "ev_id": "EV-SanMichele-9",
      "station_id": "CS-Localit\u00e0Marina",
      "distance_km": 14.0,
      "time_min": 28.0,
      "energy_kwh": 2.3800000000000003,
      "travel_cost_cents": 1400,
      "charging_cost_cents": 131,
      "total_cost_cents": 1531,
      "path_nodes": [
        9,
        14
      ]
    },
    {
      "ev_id": "EV-SanMichele-10",
      "station_id": "CS-Localit\u00e0Marina",
      "distance_km": 14.0,
      "time_min": 28.0,
      "energy_kwh": 2.1,
      "travel_cost_cents": 1400,
      "charging_cost_cents": 116,
      "total_cost_cents": 1516,
      "path_nodes": [
        9,
        14
      ]
    },
    {
      "ev_id": "EV-CentroCitt\u00e0-1",
      "station_id": "CS-PiazzaRepubblica",
      "distance_km": 14.5,
      "time_min": 29.0,
      "energy_kwh": 2.175,
      "travel_cost_cents": 1450,
      "charging_cost_cents": 130,
      "total_cost_cents": 1580,
      "path_nodes": [
        10,
        13
      ]
    },
    {
      "ev_id": "EV-CentroCitt\u00e0-2",
      "station_id": "CS-PiazzaRepubblica",
      "distance_km": 14.5,
      "time_min": 29.0,
      "energy_kwh": 2.32,
      "travel_cost_cents": 1450,
      "charging_cost_cents": 139,
      "total_cost_cents": 1589,
      "path_nodes": [
        10,
        13
      ]
    },
    {
      "ev_id": "EV-CentroCitt\u00e0-3",
      "station_id": "CS-PiazzaRepubblica",
      "distance_km": 14.5,
      "time_min": 29.0,
      "energy_kwh": 2.4650000000000003,
      "travel_cost_cents": 1450,
      "charging_cost_cents": 148,
      "total_cost_cents": 1598,
      "path_nodes": [
        10,
        13
      ]
    },
    {
      "ev_id": "EV-CentroCitt\u00e0-4",
      "station_id": "CS-PiazzaRepubblica",
      "distance_km": 14.5,
      "time_min": 29.0,
      "energy_kwh": 2.175,
      "travel_cost_cents": 1450,
      "charging_cost_cents": 130,
      "total_cost_cents": 1580,
      "path_nodes": [
        10,
        13
      ]
    },
    {
      "ev_id": "EV-CentroCitt\u00e0-5",
      "station_id": "CS-PiazzaRepubblica",
      "distance_km": 14.5,
      "time_min": 29.0,
      "energy_kwh": 2.32,
      "travel_cost_cents": 1450,
      "charging_cost_cents": 139,
      "total_cost_cents": 1589,
      "path_nodes": [
        10,
        13
      ]
    },
    {
      "ev_id": "EV-CentroCitt\u00e0-6",
      "station_id": "CS-PiazzaRepubblica",
      "distance_km": 14.5,
      "time_min": 29.0,
      "energy_kwh": 2.4650000000000003,
      "travel_cost_cents": 1450,
      "charging_cost_cents": 148,
      "total_cost_cents": 1598,
      "path_nodes": [
        10,
        13
      ]
    },
    {
      "ev_id": "EV-CentroCitt\u00e0-7",
      "station_id": "CS-PiazzaRepubblica",
      "distance_km": 14.5,
      "time_min": 29.0,
      "energy_kwh": 2.175,
      "travel_cost_cents": 1450,
      "charging_cost_cents": 130,
      "total_cost_cents": 1580,
      "path_nodes": [
        10,
        13
      ]
    },
    {
      "ev_id": "EV-CentroCitt\u00e0-8",
      "station_id": "CS-PiazzaRepubblica",
      "distance_km": 14.5,
      "time_min": 29.0,
      "energy_kwh": 2.32,
      "travel_cost_cents": 1450,
      "charging_cost_cents": 139,
      "total_cost_cents": 1589,
      "path_nodes": [
        10,
        13
      ]
    },
    {
      "ev_id": "EV-CentroCitt\u00e0-9",
      "station_id": "CS-PiazzaRepubblica",
      "distance_km": 14.5,
      "time_min": 29.0,
      "energy_kwh": 2.4650000000000003,
      "travel_cost_cents": 1450,
      "charging_cost_cents": 148,
      "total_cost_cents": 1598,
      "path_nodes": [
        10,
        13
      ]
    },
    {
      "ev_id": "EV-CentroCitt\u00e0-10",
      "station_id": "CS-PiazzaRepubblica",
      "distance_km": 14.5,
      "time_min": 29.0,
      "energy_kwh": 2.175,
      "travel_cost_cents": 1450,
      "charging_cost_cents": 130,
      "total_cost_cents": 1580,
      "path_nodes": [
        10,
        13
      ]
    }
  ],
  "station_utilization": {
    "CS-PiazzaRepubblica": 50,
    "CS-PiazzaLUnioneSarda": 10,
    "CS-Cittadellauniversitaria": 20,
    "CS-VialeBuonCammino": 20,
    "CS-Localit\u00e0Marina": 10
  },
  "unassigned_evs": [],
  "mcf_summary": {
    "iterations": 110,
    "total_cost_change": -54518732,
    "terminated": true,
    "initial_flow": 110
  },
  "cagliari_analysis": {
    "supply_utilization": {
      "Quartu Sant'Elena": 10,
      "Quartucciu": 10,
      "Monserrato": 10,
      "Poetto": 10,
      "Su Planu": 10,
      "La Palma": 10,
      "Bonaria": 10,
      "Pirri": 10,
      "Is Mirrionis": 10,
      "San Michele": 10,
      "Centro Citt\u00e0": 10
    },
    "demand_utilization": {
      "Cittadella universitaria": 20,
      "Viale Buon Cammino": 20,
      "Piazza Repubblica": 50,
      "Localit\u00e0 Marina": 10,
      "Piazza L'Unione Sarda": 10
    },
    "total_assigned_evs": 110,
    "total_station_usage": 110
  }
}