ev_id,station_id,distance_km,time_min,energy_kwh,travel_cost_cents,charging_cost_cents,total_cost_cents,path_nodes
EV-LaPalma-1,CS-PiazzaRepubblica,36.0,72.0,5.3999999999999995,3600,324,3924,"[5, 13]"
EV-LaPalma-2,CS-PiazzaRepubblica,36.0,72.0,5.76,3600,346,3946,"[5, 13]"
EV-LaPalma-3,CS-PiazzaRepubblica,36.0,72.0,6.12,3600,367,3967,"[5, 13]"
EV-LaPalma-4,CS-PiazzaRepubblica,36.0,72.0,5.3999999999999995,3600,324,3924,"[5, 13]"
EV-LaPalma-5,CS-PiazzaRepubblica,36.0,72.0,5.76,3600,346,3946,"[5, 13]"
EV-LaPalma-6,CS-PiazzaRepubblica,36.0,72.0,6.12,3600,367,3967,"[5, 13]"
EV-LaPalma-7,CS-PiazzaRepubblica,36.0,72.0,5.3999999999999995,3600,324,3924,"[5, 13]"
EV-LaPalma-8,CS-PiazzaRepubblica,36.0,72.0,5.76,3600,346,3946,"[5, 13]"
EV-LaPalma-9,CS-PiazzaRepubblica,36.0,72.0,6.12,3600,367,3967,"[5, 13]"
EV-LaPalma-10,CS-PiazzaRepubblica,36.0,72.0,5.3999999999999995,3600,324,3924,"[5, 13]"
EV-Bonaria-1,CS-PiazzaRepubblica,16.0,32.0,2.4,1600,144,1744,"[6, 13]"
EV-Bonaria-2,CS-PiazzaRepubblica,16.0,32.0,2.56,1600,154,1754,"[6, 13]"
EV-Bonaria-3,CS-PiazzaRepubblica,16.0,32.0,2.72,1600,163,1763,"[6, 13]"
EV-Bonaria-4,CS-PiazzaRepubblica,16.0,32.0,2.4,1600,144,1744,"[6, 13]"
EV-Bonaria-5,CS-PiazzaRepubblica,16.0,32.0,2.56,1600,154,1754,"[6, 13]"
EV-Bonaria-6,CS-PiazzaRepubblica,16.0,32.0,2.72,1600,163,1763,"[6, 13]"
EV-Bonaria-7,CS-PiazzaRepubblica,16.0,32.0,2.4,1600,144,1744,"[6, 13]"
EV-Bonaria-8,CS-PiazzaRepubblica,16.0,32.0,2.56,1600,154,1754,"[6, 13]"
EV-Bonaria-9,CS-PiazzaRepubblica,16.0,32.0,2.72,1600,163,1763,"[6, 13]"
EV-Bonaria-10,CS-PiazzaRepubblica,16.0,32.0,2.4,1600,144,1744,"[6, 13]"
EV-IsMirrionis-1,CS-PiazzaRepubblica,44.7,89.4,6.705,4470,402,4872,"[8, 13]"
EV-IsMirrionis-2,CS-PiazzaRepubblica,44.7,89.4,7.152000000000001,4470,429,4899,"[8, 13]"
EV-IsMirrionis-3,CS-PiazzaRepubblica,44.7,89.4,7.599000000000001,4470,456,4926,"[8, 13]"
EV-IsMirrionis-4,CS-PiazzaRepubblica,44.7,89.4,6.705,4470,402,4872,"[8, 13]"
EV-IsMirrionis-5,CS-PiazzaRepubblica,44.7,89.4,7.152000000000001,4470,429,4899,"[8, 13]"
EV-IsMirrionis-6,CS-PiazzaRepubblica,44.7,89.4,7.599000000000001,4470,456,4926,"[8, 13]"
EV-IsMirrionis-7,CS-PiazzaRepubblica,44.7,89.4,6.705,4470,402,4872,"[8, 13]"
EV-IsMirrionis-8,CS-PiazzaRepubblica,44.7,89.4,7.152000000000001,4470,429,4899,"[8, 13]"
EV-IsMirrionis-9,CS-PiazzaRepubblica,44.7,89.4,7.599000000000001,4470,456,4926,"[8, 13]"
EV-IsMirrionis-10,CS-PiazzaRepubblica,44.7,89.4,6.705,4470,402,4872,"[8, 13]"
EV-SanMichele-1,CS-PiazzaRepubblica,35.7,71.4,5.355,3570,321,3891,"[9, 13]"
EV-SanMichele-2,CS-PiazzaRepubblica,35.7,71.4,5.712000000000001,3570,343,3913,"[9, 13]"
EV-SanMichele-3,CS-PiazzaRepubblica,35.7,71.4,6.069000000000001,3570,364,3934,"[9, 13]"
EV-SanMichele-4,CS-PiazzaRepubblica,35.7,71.4,5.355,3570,321,3891,"[9, 13]"
EV-SanMichele-5,CS-PiazzaRepubblica,35.7,71.4,5.712000000000001,3570,343,3913,"[9, 13]"
EV-SanMichele-6,CS-PiazzaRepubblica,35.7,71.4,6.069000000000001,3570,364,3934,"[9, 13]"
EV-SanMichele-7,CS-PiazzaRepubblica,35.7,71.4,5.355,3570,321,3891,"[9, 13]"
EV-SanMichele-8,CS-PiazzaRepubblica,35.7,71.4,5.712000000000001,3570,343,3913,"[9, 13]"
EV-SanMichele-9,CS-PiazzaRepubblica,35.7,71.4,6.069000000000001,3570,364,3934,"[9, 13]"
EV-SanMichele-10,CS-PiazzaRepubblica,35.7,71.4,5.355,3570,321,3891,"[9, 13]"
EV-CentroCittà-1,CS-PiazzaRepubblica,14.5,29.0,2.175,1450,130,1580,"[10, 13]"
EV-CentroCittà-2,CS-PiazzaRepubblica,14.5,29.0,2.32,1450,139,1589,"[10, 13]"
EV-CentroCittà-3,CS-PiazzaRepubblica,14.5,29.0,2.4650000000000003,1450,148,1598,"[10, 13]"
EV-CentroCittà-4,CS-PiazzaRepubblica,14.5,29.0,2.175,1450,130,1580,"[10, 13]"
EV-CentroCittà-5,CS-PiazzaRepubblica,14.5,29.0,2.32,1450,139,1589,"[10, 13]"
EV-CentroCittà-6,CS-PiazzaRepubblica,14.5,29.0,2.4650000000000003,1450,148,1598,"[10, 13]"
EV-CentroCittà-7,CS-PiazzaRepubblica,14.5,29.0,2.175,1450,130,1580,"[10, 13]"
EV-CentroCittà-8,CS-PiazzaRepubblica,14.5,29.0,2.32,1450,139,1589,"[10, 13]"
EV-CentroCittà-9,CS-PiazzaRepubblica,14.5,29.0,2.4650000000000003,1450,148,1598,"[10, 13]"
EV-CentroCittà-10,CS-PiazzaRepubblica,14.5,29.0,2.175,1450,130,1580,"[10, 13]"
